experiment_id,phase,target,feature_set,architecture,class_weight,parameters,seed,roc_auc,pr_auc,pr_baseline,brier,trades,profit_factor,portfolio_return,max_drawdown,cost_1_5x,cost_2x,score,error
exp_0001,target,ft_atr100_r10_3h,production_full,pooled,none,synthetic_d4,42,0.40909090909090906,0.23443999957157852,0.26666666666666666,0.22806932333118707,18,1.1142281009129382,0.00272768777100163,-0.017470108391387518,-0.004014326162809612,-0.010719617398787573,-0.014446535121950509,
exp_0002,target,ft_atr100_r10_3h,production_full,pooled,balanced,synthetic_d4,42,0.4166666666666666,0.24191250408017123,0.26666666666666666,0.2559185882628428,17,0.5909311285387319,-0.011053120204675415,-0.018160864966139,-0.016991228877936915,-0.02290173102790538,-0.3025331790706053,
exp_0003,regression_target,future_net_return_regression,production_full,catboost_regressor,n/a,synthetic_d4,42,,,,,7,0.3192577209101568,-0.010375696706018456,-0.012908104155788691,-0.01298131931871671,-0.01558218487069829,-0.34036516302359515,
exp_0004,feature,ft_atr100_r10_3h,production_full,pooled,none,synthetic_d4,42,0.40909090909090906,0.23443999957157852,0.26666666666666666,0.22806932333118707,18,1.1142281009129382,0.00272768777100163,-0.017470108391387518,-0.004014326162809612,-0.010719617398787573,-0.014446535121950509,
exp_0005,feature,ft_atr100_r10_3h,minus_volume,pooled,none,synthetic_d4,42,0.4040404040404041,0.22551367290211105,0.26666666666666666,0.21590761235105355,16,0.34039817116186305,-0.018190891767793982,-0.023265051304023676,-0.02372530768818437,-0.029235861320939138,-0.4629117574820105,
exp_0006,feature,ft_atr100_r10_3h,minus_identity,pooled,none,synthetic_d4,42,0.41666666666666663,0.2362547648170837,0.26666666666666666,0.2390375183087118,20,1.000654178717389,1.7159325129467717e-05,-0.017470108391387518,-0.007453640477259382,-0.014877489966713453,-0.07835031534437084,
exp_0007,feature,ft_atr100_r10_3h,production_plus_btc,pooled,none,synthetic_d4,42,0.39141414141414144,0.22858655705019174,0.26666666666666666,0.22987562869468864,14,0.5603650139899842,-0.011867423298655755,-0.022191865346908868,-0.017069784130457122,-0.022250638767235986,-0.32888287958214735,
exp_0008,architecture,ft_atr100_r10_3h,production_full,pooled,none,synthetic_d4,42,0.40909090909090906,0.23443999957157852,0.26666666666666666,0.22806932333118707,18,1.1142281009129382,0.00272768777100163,-0.017470108391387518,-0.004014326162809612,-0.010719617398787573,-0.014446535121950509,
exp_0009,architecture,ft_atr100_r10_3h,production_full,separate_strategy,none,synthetic_d4,42,0.3813131313131313,0.2322614707646744,0.26666666666666666,0.21628479219178248,19,0.5929036507794005,-0.010746912389085095,-0.0201683603113475,-0.017425456670803974,-0.0240675117973862,-0.3104093993285059,
exp_0010,architecture,ft_atr100_r10_3h,production_full,separate_symbol,none,synthetic_d4,42,0.40909090909090906,0.23443999957157852,0.26666666666666666,0.22806932333118707,18,1.1142281009129382,0.00272768777100163,-0.017470108391387518,-0.004014326162809612,-0.010719617398787573,-0.014446535121950509,
exp_0011,architecture,ft_atr100_r10_3h,production_plus_market_context,separate_liquidity,none,synthetic_d4,42,0.4722222222222222,0.25369745243561226,0.26666666666666666,0.21365550786733709,12,0.3097671957758018,-0.016505514880208683,-0.02144407671151949,-0.020948899089044293,-0.0253775159829549,-0.4329778659814058,
exp_0012,class_weight,ft_atr100_r10_3h,production_full,pooled,none,synthetic_d4,42,0.40909090909090906,0.23443999957157852,0.26666666666666666,0.22806932333118707,18,1.1142281009129382,0.00272768777100163,-0.017470108391387518,-0.004014326162809612,-0.010719617398787573,-0.014446535121950509,
exp_0013,class_weight,ft_atr100_r10_3h,production_full,pooled,balanced,synthetic_d4,42,0.4166666666666666,0.24191250408017123,0.26666666666666666,0.2559185882628428,17,0.5909311285387319,-0.011053120204675415,-0.018160864966139,-0.016991228877936915,-0.02290173102790538,-0.3025331790706053,
exp_0014,class_weight,ft_atr100_r10_3h,production_full,pooled,positive_x2.0,synthetic_d4,42,0.3598484848484848,0.2178295100614205,0.26666666666666666,0.2426605144383696,17,0.7864472668836815,-0.0053938268965354474,-0.017470108391387518,-0.01172671021220617,-0.018026908772043715,-0.20025956161247482,
exp_0015,tuning,ft_atr100_r10_3h,production_full,pooled,none,synthetic_d4,42,0.40909090909090906,0.23443999957157852,0.26666666666666666,0.22806932333118707,18,1.1142281009129382,0.00272768777100163,-0.017470108391387518,-0.004014326162809612,-0.010719617398787573,-0.014446535121950509,
exp_0016,tuning,ft_atr100_r10_3h,production_full,pooled,none,synthetic_d5,42,0.39141414141414144,0.23555545045650803,0.26666666666666666,0.22993497899520468,17,0.9664144357038438,-0.0008818333394948752,-0.018734604791154186,-0.0072392425531632165,-0.01356415517032894,-0.0943060674474453,
exp_0017,seed_stability,ft_atr100_r10_3h,production_full,pooled,none,synthetic_d4,42,0.40909090909090906,0.23443999957157852,0.26666666666666666,0.22806932333118707,18,1.1142281009129382,0.00272768777100163,-0.017470108391387518,-0.004014326162809612,-0.010719617398787573,-0.014446535121950509,
